id,Arrival,Departure,energy
1,5,12,41.55183653318321
2,4,8,20.44873598479232
3,5,12,33.41155196180053
4,4,10,25.77413270482155
5,4,10,32.15410085343704
6,5,12,35.98271907152741
7,4,11,34.77422395306559
8,5,11,31.37938231849996
9,5,11,31.7100404929965
10,5,14,58.69131288633885
