id,Arrival,Departure,energy
1,4,12,66.0
2,4,7,19.9768543149683
3,4,11,62.24874602334953
4,5,8,18.1850796505234
5,6,13,63.04430143109154
6,5,12,55.74821938359278
7,5,10,40.95626382332608
8,6,10,31.00375525042596
9,4,12,63.46273518712881
10,5,9,29.71436972319265
