id,Arrival,Departure,energy
1,5,13,53.38586872922144
2,4,15,66.0
3,5,11,28.91250468497494
4,5,12,36.90131654747718
5,6,10,16.47231010485972
6,3,11,52.61418049810251
7,4,11,39.77107085368336
8,4,13,61.64676171583388
9,5,12,39.21821238062122
10,4,11,41.61246039813503
