id,Arrival,Departure,energy
1,5,11,52.90792324131428
2,5,9,26.35810490981009
3,5,10,37.86290732206739
4,5,10,40.65827831386947
5,4,9,33.43124497727676
6,5,9,32.03472190540978
7,6,13,54.99398074838205
8,4,8,24.57161013905332
9,5,9,22.27387101570695
10,5,8,20.9324323055617
